<?xml version="1.0" encoding="utf-8" ?>
<dwsync>
<file name="sprite.png" server="F:/AppServ/www/hte/" local="129894109737890624" remote="129894109730000000" />
<file name="body_bg.jpg" server="F:/AppServ/www/hte/" local="129889705253552501" remote="129889705250000000" />
<file name="gr.png" server="F:/AppServ/www/hte/" local="129894118330937504" remote="129894118330000000" />
<file name="grid_bg.png" server="F:/AppServ/www/hte/" local="129889656820821565" remote="129889656820000000" />
<file name="grid_bg1.png" server="F:/AppServ/www/hte/" local="129889657471156592" remote="129889657470000000" />
<file name="grid_bg2.png" server="F:/AppServ/www/hte/" local="129889664603789784" remote="129889664600000000" />
<file name="grid_bg3.png" server="F:/AppServ/www/hte/" local="129889744113450123" remote="129889744110000000" />
<file name="share.png" server="F:/AppServ/www/hte/" local="129893128922057461" remote="129893128920000000" />
<file name="op_0_25p.png" server="F:/AppServ/www/hte/" local="129889717624820743" remote="129889717620000000" />
</dwsync>